{
    "tb1q3lhkvpgl2ku43kp6z0ujky8mn9hulqslen3ffy": {
        "publicKey": "021248819b90b2e18e4a5e52e4de29449276be1765067ba685df172abc3bb58531",
        "privateKey": ""
    },
    "tb1q42j5rh5plnj44nz8kgcy2wswsxetlvs33eusv2": {
        "publicKey": "03491289c28f7da2fc1825e32871e14e72c8126dc6983b45064ec30779780c42f5",
        "privateKey": ""
    },
    "tb1qvujhfxx04wlkdy4sw694axk26myqcp3ynf4xx7": {
        "publicKey": "02c0656a3c9cc0358d9122770109d1b3f852d3283a6b94afe400db9fdf9b23a9b3",
        "privateKey": ""
    },
    "tb1q4thl526c4yapgcjqx2yrpsmegthtq82lzvqegv": {
        "publicKey": "02546dfe0d07ff26a21dc150c737d4e08c921c9724437463b6982d248c8621d6e8",
        "privateKey": {
            "IV_LENGTH": "c39fc133caa10ba63bb222ca80683f34",
            "encryptedData": "5e909c126ddf06843a2b9eba4aa200e63b0523b166024a05dc814f26f71f9b2e627a3f1a912bea167964c6880c73cba0c8369565"
        }
    }
}